Evidence is not sufficient to evaluate this requirement.	Недостаточно данных для проверки этого требования.	Бұл талапты тексеруге дерек жеткіліксіз.
A later enrolment step, not a high-school application blocker.	Это этап после зачисления, а не препятствие для подачи после школы.	Бұл — оқуға қабылданғаннан кейінгі кезең, мектептен кейін өтінім беруге кедергі емес.
Informational only; not an application blocker.	Только для информации; не препятствует подаче.	Тек ақпарат үшін; өтінім беруге кедергі емес.
No IELTS result supplied. Other routes may require verification.	Результат IELTS не указан. Другие способы подтверждения нужно уточнить.	IELTS нәтижесі көрсетілмеген. Растаудың басқа жолдарын нақтылау қажет.
Planned scores do not satisfy published requirements.	Запланированные баллы не подтверждают выполнение требований.	Жоспарланған балдар талаптардың орындалғанын растамайды.
A completed test date is required.	Нужна дата уже сданного экзамена.	Тапсырылған емтиханның күні қажет.
This result is more than two years old.	Этому результату больше двух лет.	Бұл нәтижеге екі жылдан асқан.
A valid score must have a completed test date.	Для результата нужна дата уже сданного экзамена.	Нәтиже үшін тапсырылған емтиханның күні қажет.
This profile value has not been supplied.	Это значение в профиле не указано.	Профильде бұл мән көрсетілмеген.
This predicate requires a verified normalization that is not available.	Для этой проверки нужно подтверждённое сопоставление, которого пока нет.	Бұл тексеруге әлі жоқ расталған сәйкестендіру қажет.
Requirement or a verified exemption must pass.	Нужно выполнить требование или подтвердить освобождение от него.	Талапты орындау немесе одан босатуды растау қажет.
Direct route satisfied.	Условия прямого маршрута выполнены.	Тікелей жолдың шарттары орындалған.
Verified alternative route conditions satisfied.	Подтверждённые условия альтернативного маршрута выполнены.	Балама жолдың расталған шарттары орындалған.
Alternative applicability has not been established.	Применимость альтернативного маршрута не установлена.	Балама жолдың қолданылуы анықталмаған.
Published conditions for this branch are satisfied.	Опубликованные условия этой ветки выполнены.	Осы тармақтың жарияланған шарттары орындалған.
One or more published conditions are not satisfied.	Одно или несколько опубликованных условий не выполнены.	Бір немесе бірнеше жарияланған шарт орындалмаған.
Some required values or source predicates remain unknown.	Некоторые необходимые значения или условия остаются неизвестными.	Кейбір қажетті мәндер немесе шарттар әлі белгісіз.
No verified rules are available for this scope.	Для этой категории нет подтверждённых правил.	Бұл санат үшін расталған ережелер жоқ.
No institution-specific equivalency inferred from citizenship.	Гражданство не используется для предположения об эквивалентности образования.	Азаматтық негізінде білімнің сәйкестігі туралы болжам жасалмайды.
This audience or intake is outside the frozen dataset	Эта категория или набор не охвачены данными	Бұл санат немесе қабылдау кезеңі деректермен қамтылмаған
Curriculum mapping needs verification	Соответствие школьной программы нужно уточнить	Мектеп бағдарламасының сәйкестігін нақтылау қажет
Score delivery / completion timing needs confirmation. This is a hypothetical change, not a verified feasible plan.	Дату получения результата или завершения нужно подтвердить. Пока это гипотеза, а не подтверждённый выполнимый план.	Нәтиже алу немесе аяқтау күнін растау қажет. Әзірге бұл — болжам, расталған орындалатын жоспар емес.
Expected completion is after the available deadline.	Ожидаемая дата завершения позже известного срока.	Күтілетін аяқтау күні белгілі мерзімнен кейін.
Feasible against the entered completion date; improvement and delivery are not guaranteed.	Выполнимо с учётом указанной даты; улучшение результата и его доставка не гарантируются.	Көрсетілген күнге сай орындауға болады; нәтижені жақсартуға және жеткізуге кепілдік берілмейді.
Review a later intake	Рассмотреть более поздний набор	Кейінгі қабылдау кезеңін қарастыру
Plan your next English result	Запланировать следующий результат по английскому	Ағылшын тілінен келесі нәтижені жоспарлау
Check the component requirements and score-delivery date. Enter the actual new scores when received.	Проверьте требования к компонентам и дату получения результата. Когда получите новые баллы, внесите их.	Бөлімдерге қойылатын талаптарды және нәтиже алу күнін тексеріңіз. Жаңа балдарды алған соң енгізіңіз.
Add a completed SAT or ACT result	Внести результат сданного SAT или ACT	Тапсырылған SAT немесе ACT нәтижесін енгізу
Required for the selected testing branches. A planned attempt is not a completed result.	Нужно для соответствующих экзаменационных требований. Запланированная попытка не считается результатом.	Тиісті емтихан талаптары үшін қажет. Жоспарланған талпыныс алынған нәтиже болып саналмайды.
Submit Waterloo’s Admission Information Form	Отправить Admission Information Form в Waterloo	Waterloo университетіне Admission Information Form жіберу
Record completion only after submitting the AIF to Waterloo.	Отметьте выполнение только после отправки AIF в Waterloo.	AIF нысанын Waterloo университетіне жібергеннен кейін ғана орындалды деп белгілеңіз.
Prepare your application records	Подготовить документы для поступления	Оқуға түсу құжаттарын дайындау
Review each shortlisted institution’s checklist, official transcripts, translations and supplementary forms.	Проверьте списки документов каждого выбранного вуза: выписки оценок, переводы и дополнительные формы.	Әр таңдалған ЖОО-ның құжаттар тізімін тексеріңіз: бағалар көшірмелері, аудармалар және қосымша нысандар.
Explore a direct English route	Рассмотреть прямой маршрут по английскому	Ағылшын тілі бойынша тікелей жолды қарастыру
Your current scores meet a published conditional English branch. Simulate stronger scores to see whether the direct branch changes.	Текущие баллы соответствуют опубликованной условной языковой ветке. Проверьте сценарий с более высокими баллами для прямого маршрута.	Қазіргі балдарыңыз жарияланған шартты тілдік тармаққа сай. Тікелей жол үшін жоғары балдары бар сценарийді тексеріңіз.
Review the published cost estimate	Проверить опубликованную стоимость	Жарияланған құнды тексеру
Confirm the institution-specific document checklist on the official application portal.	Проверьте список документов в официальном портале выбранного вуза.	Таңдалған ЖОО-ның ресми өтінім порталындағы құжаттар тізімін тексеріңіз.
Use the official application portal after reviewing all requirements. PathShift does not submit applications.	После проверки требований используйте официальный портал подачи. PathShift не отправляет заявления.	Талаптарды тексергеннен кейін ресми өтінім порталын пайдаланыңыз. PathShift өтінім жібермейді.
Original grades retained without GPA conversion.	Исходные оценки сохранены без перевода в GPA.	Бастапқы бағалар GPA-ға аударылмай сақталған.
Fall 2027 total costs are not frozen.	Полная стоимость на осень 2027 не зафиксирована.	2027 жылғы күзге арналған толық құн бекітілмеген.
Missing academic mappings and conditional-route predicates remain needs verification.	Неизвестные академические соответствия и условия альтернативных маршрутов нужно уточнить.	Белгісіз академиялық сәйкестіктер мен балама жолдардың шарттарын нақтылау қажет.
Verified	Подтверждено	Расталған
Partial	Частично подтверждено	Ішінара расталған
Stale	Устаревшие данные	Ескірген деректер
Conflicting	Противоречивые данные	Қайшы деректер
Feasible	По срокам выполнимо	Мерзім бойынша орындауға болады
Tight	Сжатые сроки	Мерзім тығыз
Missed	Срок прошёл	Мерзім өтіп кеткен
Within budget	В пределах бюджета	Бюджет шегінде
Over budget	Выше бюджета	Бюджеттен жоғары
PASS	ВЫПОЛНЕНО	ОРЫНДАЛҒАН
FAIL	НЕ ВЫПОЛНЕНО	ОРЫНДАЛМАҒАН
UNKNOWN	НЕИЗВЕСТНО	БЕЛГІСІЗ
NOT APPLICABLE	НЕ ПРИМЕНИМО	ҚОЛДАНЫЛМАЙДЫ
CONDITIONAL	УСЛОВНЫЙ МАРШРУТ	ШАРТТЫ ЖОЛ
Application	Подача заявления	Өтінім беру
Document	Документы	Құжаттар
English score	Результат по английскому	Ағылшын тілі нәтижесі
Test score	Результат экзамена	Емтихан нәтижесі
English	Английский	Ағылшын тілі
Documents	Документы	Құжаттар
Aif	AIF	AIF
Sat	SAT	SAT
Act	ACT	ACT
evidence	данные	деректер
satisfied	выполнено	орындалған
requirement	требование	талап
improved in a recalculation.	улучшено при пересчёте.	қайта есептеуде жақсарды.
15-unit subject pattern needs a complete mapping	Нужно полное сопоставление 15 учебных единиц	15 оқу бірлігі бойынша толық сәйкестендіру қажет
Complete first-year requirements need verification	Полные требования к первому курсу нужно уточнить	Бірінші курсқа қойылатын толық талаптарды нақтылау қажет
Remaining academic / application requirements need verification	Остальные требования к образованию и подаче нужно уточнить	Білім мен өтінімге қойылатын қалған талаптарды нақтылау қажет
SAT or ACT required	Требуется SAT или ACT	SAT немесе ACT қажет
SAT result	Результат SAT	SAT нәтижесі
ACT result	Результат ACT	ACT нәтижесі
SAT / ACT is optional	SAT / ACT необязателен	SAT / ACT міндетті емес
Exact USG English method is not frozen	Точный способ подтверждения английского по USG не зафиксирован	USG бойынша ағылшын тілін растаудың нақты тәсілі бекітілмеген
Secondary credential assessment needs verification	Оценку документа о среднем образовании нужно уточнить	Орта білім құжатын бағалауды нақтылау қажет
First-year English predicate is not frozen	Языковые условия для первого курса не зафиксированы	Бірінші курсқа арналған тілдік шарттар бекітілмеген
International secondary documents need verification	Документы об иностранном среднем образовании нужно уточнить	Шетелдік орта білім құжаттарын нақтылау қажет
Secondary documents checklist	Список документов о среднем образовании	Орта білім құжаттарының тізімі
CS application checklist (DAE / SIF / records)	Документы для CS: DAE, SIF и выписки оценок	CS құжаттары: DAE, SIF және бағалар көшірмелері
IELTS Academic requirement	Требование IELTS Academic	IELTS Academic талабы
IELTS reading	IELTS: чтение	IELTS: оқылым
IELTS writing	IELTS: письмо	IELTS: жазылым
IELTS listening	IELTS: аудирование	IELTS: тыңдалым
IELTS speaking	IELTS: говорение	IELTS: айтылым
IB academic prerequisites	Академические требования IB	IB академиялық талаптары
IB curriculum	Программа IB	IB бағдарламасы
ib total	Общий балл IB	IB жалпы балы
math aa hl	Математика AA HL	AA HL математикасы
ib courses	Предметы IB	IB пәндері
hl courses	Предметы HL	HL пәндері
ib diploma	Диплом IB	IB дипломы
english a	Английский A	Ағылшын тілі A
Admission Information Form	Анкета Admission Information Form	Admission Information Form сауалнамасы
Curriculum-specific academic mapping is not frozen	Сопоставление этой учебной программы не зафиксировано	Осы оқу бағдарламасының сәйкестігі бекітілмеген
Senior academic English	Академический английский в старших классах	Жоғары сыныптағы академиялық ағылшын тілі
Direct English route	Прямой языковой маршрут	Тікелей тілдік жол
Alternative IELTS configuration	Альтернативное сочетание баллов IELTS	IELTS балдарының балама үйлесімі
BASE IELTS overall	BASE: общий балл IELTS	BASE: IELTS жалпы балы
BASE IELTS writing	BASE: IELTS по письму	BASE: IELTS жазылым балы
One-term BASE English thresholds	Языковые пороги BASE на один семестр	Бір семестрлік BASE тілдік шектері
English: direct or BASE pathway	Английский: прямой маршрут или BASE	Ағылшын тілі: тікелей жол немесе BASE
English: direct or conditional route	Английский: прямой или условный маршрут	Ағылшын тілі: тікелей немесе шартты жол
Conditional IELTS range	Диапазон IELTS для условного приёма	Шартты қабылдауға арналған IELTS аралығы
IELTS guidance: usually 6.5, components 6.0	Ориентир IELTS: обычно 6,5, компоненты 6,0	IELTS бағдары: әдетте 6,5, бөлімдер 6,0
School of Computer Science	Школа компьютерных наук	Компьютерлік ғылымдар мектебі
BS Computer Science	BS · Компьютерные науки	BS · Компьютерлік ғылымдар
BS Computer Science · Grainger	BS · Компьютерные науки · Grainger	BS · Компьютерлік ғылымдар · Grainger
Computer Science BS	BS · Компьютерные науки	BS · Компьютерлік ғылымдар
BSc Computer Science	BSc · Компьютерные науки	BSc · Компьютерлік ғылымдар
BSc · Computer Science pathway	BSc · Путь к компьютерным наукам	BSc · Компьютерлік ғылымдарға апаратын жол
Computer Science category · BCS	Категория компьютерных наук · BCS	Компьютерлік ғылымдар санаты · BCS
Computer Science · BCS	Компьютерные науки · BCS	Компьютерлік ғылымдар · BCS
Computer Science · Faculty of Mathematics	Компьютерные науки · Факультет математики	Компьютерлік ғылымдар · Математика факультеті
Computer Sciences · BA / BS	Компьютерные науки · BA / BS	Компьютерлік ғылымдар · BA / BS
Apply to SCS; choose your major after enrolment.	Подача в SCS; специальность выбирается после зачисления.	SCS-ке өтінім беру; мамандық оқуға қабылданғаннан кейін таңдалады.
First-year admission with an intended major.	Поступление на первый курс с указанием желаемой специальности.	Қалаған мамандықты көрсетіп, бірінші курсқа түсу.
Apply with Computer Science as your chosen major.	Укажите Computer Science как выбранную специальность.	Таңдалған мамандық ретінде Computer Science көрсетіңіз.
Intended-major application; complete rules need verification.	Подача на выбранное направление; полные правила нужно уточнить.	Таңдалған бағытқа өтінім беру; толық ережелерді нақтылау қажет.
University admission first; declare Computer Sciences later.	Сначала зачисление в университет, затем выбор Computer Sciences.	Алдымен университетке қабылдану, содан кейін Computer Sciences таңдау.
Program application; English pathway requires verification.	Подача на программу; языковой маршрут нужно уточнить.	Бағдарламаға өтінім беру; тілдік жолды нақтылау қажет.
CS may set requirements above the university baseline.	Требования CS могут быть выше общеуниверситетских.	CS талаптары университеттің жалпы талаптарынан жоғары болуы мүмкін.
IB entry into the Faculty of Mathematics / CS route.	Поступление с IB на факультет математики по маршруту CS.	IB арқылы математика факультетіне CS жолымен түсу.
Enter the Faculty of Science; CS specialization is a later step.	Сначала факультет естественных наук; специализация CS выбирается позже.	Алдымен жаратылыстану факультетіне түсу; CS мамандандыруы кейін таңдалады.
Enter the CS admission category; progress to the program after Year 1.	Сначала категория приёма CS; переход на программу после первого курса.	Алдымен CS қабылдау санатына түсу; бағдарламаға бірінші курстан кейін өту.
BCS begins Fall 2027; secondary prerequisites need verification.	BCS начинается осенью 2027; школьные требования нужно уточнить.	BCS 2027 жылғы күзде басталады; мектеп талаптарын нақтылау қажет.
Exact direct BSc record needs verification; foundation is a separate route.	Условия прямого BSc нужно уточнить; foundation — отдельный маршрут.	Тікелей BSc шарттарын нақтылау қажет; foundation — бөлек жол.
One-term BASE English pathway	Языковой маршрут BASE на один семестр	Бір семестрлік BASE тілдік жолы
English Language Center conditional route	Условный маршрут через English Language Center	English Language Center арқылы шартты жол
English Language Transition Program	Переходная программа английского языка	Ағылшын тіліне бейімдеу бағдарламасы
Availability for your profile needs verification. Route existence does not establish eligibility.	Доступность для вашего профиля нужно уточнить. Наличие маршрута не подтверждает соответствие его условиям.	Бұл жолдың профиліңізге қолжетімділігін нақтылау қажет. Жолдың болуы оның шарттарына сай екеніңізді растамайды.
Academic eligibility still needs verification; meeting the English range does not establish admission.	Академическое соответствие нужно уточнить; языковые баллы не подтверждают зачисление.	Академиялық сәйкестікті нақтылау қажет; тілдік балдар оқуға қабылдануды растамайды.
Published English thresholds and academic gates are evaluated. Any offer remains at Waterloo’s discretion. 2027 transition deadlines are not inferred.	Проверяются опубликованные языковые и академические условия. Решение о зачислении принимает Waterloo. Сроки перехода на 2027 год не предполагаются.	Жарияланған тілдік және академиялық шарттар тексеріледі. Қабылдау шешімін Waterloo қабылдайды. 2027 жылғы ауысу мерзімдері болжанбайды.
Normalized from supplied dataset freeze. Source retrieval date reported by research; exact time and original page title not supplied. Statement is a research paraphrase.	Сводка из предоставленного набора данных. Дата обращения указана в исследовании; точное время и исходное название страницы отсутствуют. Утверждение пересказано.	Ұсынылған деректер жиынтығынан алынған түйін. Дереккөзге жүгіну күні зерттеуде көрсетілген; нақты уақыт пен бастапқы бет атауы берілмеген. Тұжырым мазмұндалып берілген.
Current published policy checked 2026-09-17; recheck before submission. Normalized paraphrase, not a verbatim quotation.	Действующие опубликованные правила проверены 17.09.2026; перепроверьте перед подачей. Это пересказ, а не дословная цитата.	Қолданыстағы жарияланған ережелер 17.09.2026 күні тексерілген; өтінім берер алдында қайта тексеріңіз. Бұл — мазмұндама, сөзбе-сөз дәйексөз емес.
Current threshold checked 2026-09-17. Page also contains an August 2026 transition deadline, which is NOT carried into Fall 2027.	Порог проверен 17.09.2026. На странице также указан срок перехода в августе 2026; он не переносится на осень 2027.	Шекті балл 17.09.2026 күні тексерілген. Бетте 2026 жылғы тамыздағы ауысу мерзімі де бар; ол 2027 жылғы күзге қолданылмайды.
First-year applicants must submit SAT or ACT; CMU policy is scoped to SCS.	Абитуриенты первого курса должны предоставить SAT или ACT; правило CMU относится к SCS.	Бірінші курс талапкерлері SAT немесе ACT ұсынуы тиіс; CMU ережесі SCS-ке қатысты.
SAT/ACT is optional for Fall 2027 first-year applicants.	Для первого курса осенью 2027 SAT/ACT необязателен.	2027 жылғы күзде бірінші курсқа түсушілерге SAT/ACT міндетті емес.
IB Diploma, six courses, at least three HL; total 32; Math AA HL minimum 6; English A HL or SL. AIF required.	Диплом IB, шесть предметов, минимум три HL; общий балл 32; Math AA HL не ниже 6; English A HL или SL. Нужна AIF.	IB дипломы, алты пән, кемінде үшеуі HL; жалпы балл 32; Math AA HL кемінде 6; English A HL немесе SL. AIF қажет.
Senior-level academic English is required independently of English-language facility.	Академический английский старших классов обязателен независимо от подтверждения владения языком.	Жоғары сыныптағы академиялық ағылшын тілі тіл меңгеру деңгейін растаудан бөлек талап етіледі.
BASE English pathway exists; complete applicability predicates are not frozen.	Маршрут BASE существует; полные условия применимости не зафиксированы.	BASE жолы бар; толық қолданылу шарттары бекітілмеген.
Conditional English route exists; complete applicability predicates are not frozen.	Условный языковой маршрут существует; полные условия применимости не зафиксированы.	Шартты тілдік жол бар; толық қолданылу шарттары бекітілмеген.
English Language Transition Program exists; complete applicability predicates are not frozen.	Переходная языковая программа существует; полные условия применимости не зафиксированы.	Тілдік бейімдеу бағдарламасы бар; толық қолданылу шарттары бекітілмеген.
Georgia Tech directs international applicants to USG-approved proficiency methods. Language mastery also receives holistic review.	Georgia Tech направляет иностранных абитуриентов к способам подтверждения языка, одобренным USG. Владение языком также оценивается комплексно.	Georgia Tech шетелдік талапкерлерге USG мақұлдаған тілді растау тәсілдерін ұсынады. Тіл меңгеру деңгейі кешенді түрде де бағаланады.
Secondary academic records are required. The applicant must confirm the curriculum-specific checklist, translations and official delivery.	Нужны школьные документы. Абитуриент должен проверить список для своей программы, переводы и официальную отправку.	Мектеп құжаттары қажет. Талапкер өз бағдарламасына арналған тізімді, аудармаларды және ресми жіберуді тексеруі тиіс.
An alternative direct IELTS configuration is overall 7.0 and all components at least 6.0.	Альтернативный прямой вариант IELTS: общий балл 7,0 и все компоненты не ниже 6,0.	IELTS-тің тікелей түсуге арналған балама нұсқасы: жалпы балл 7,0 және барлық бөлім кемінде 6,0.
One-term BASE lists IELTS 6.0 overall and 6.0 writing. Academic requirements and program availability also apply.	Для BASE на один семестр указаны IELTS 6,0 в целом и 6,0 по письму. Также действуют академические требования и ограничения доступности.	Бір семестрлік BASE үшін IELTS жалпы балы 6,0 және жазылым 6,0 көрсетілген. Академиялық талаптар мен бағдарламаның қолжетімділігі де ескеріледі.
Computer Science is listed under Mathematics/BASE; the Faculty of Mathematics offers iBASE and one-term BASE. Admission is discretionary.	Computer Science входит в Mathematics/BASE; факультет математики предлагает iBASE и BASE на один семестр. Решение о приёме принимает университет.	Computer Science Mathematics/BASE құрамында көрсетілген; математика факультеті iBASE және бір семестрлік BASE ұсынады. Қабылдау шешімін университет қабылдайды.
Applicants complete DAE, AIF and the CS Supplementary Information Form and submit required academic records.	Абитуриенты заполняют DAE, AIF, дополнительную форму CS и подают необходимые учебные документы.	Талапкерлер DAE, AIF, CS қосымша ақпарат нысанын толтырып, қажетті оқу құжаттарын ұсынады.
IELTS 6.0 or below is considered for conditional undergraduate admission; academic requirements still apply.	IELTS 6,0 и ниже рассматривается для условного приёма на бакалавриат; академические требования сохраняются.	IELTS 6,0 және одан төмен нәтиже бакалавриатқа шартты қабылдау үшін қарастырылады; академиялық талаптар сақталады.
Purdue describes IELTS 6.5 / components 6.0 as a general applicant guideline; it is not encoded as a universal hard cutoff.	Purdue указывает IELTS 6,5 и компоненты 6,0 как общий ориентир; это не универсальный обязательный порог.	Purdue IELTS 6,5 және бөлімдер 6,0 көрсеткіштерін жалпы бағдар ретінде береді; бұл әмбебап міндетті шек емес.
IELTS Academic minimum {number} overall.	Минимальный общий балл IELTS Academic: {number}.	IELTS Academic ең төменгі жалпы балы: {number}.
IELTS Academic minimum {number} overall; each component {amount}.	IELTS Academic: общий балл не ниже {number}, каждый компонент не ниже {amount}.	IELTS Academic: жалпы балл кемінде {number}, әр бөлім кемінде {amount}.
IELTS Academic: overall {number}.	IELTS Academic: общий балл {number}.	IELTS Academic: жалпы балл {number}.
IELTS Academic: overall {number}; reading {reading}, writing {writing}, listening {listening}, speaking {speaking}.	IELTS Academic: общий балл {number}; чтение {reading}, письмо {writing}, аудирование {listening}, говорение {speaking}.	IELTS Academic: жалпы балл {number}; оқылым {reading}, жазылым {writing}, тыңдалым {listening}, айтылым {speaking}.
2026–27 published annual estimate: {currency} {amount}. Not Fall 2027 total cost.	Опубликованная годовая оценка на 2026–27: {currency} {amount}. Это не полная стоимость на осень 2027.	2026–27 жылға жарияланған жылдық болжамды құн: {currency} {amount}. Бұл 2027 жылғы күзге арналған толық құн емес.
2026–27 published tuition/fees and books subtotal: {currency} {amount}. Not Fall 2027 total cost.	Опубликованный итог за обучение, сборы и книги на 2026–27: {currency} {amount}. Это не полная стоимость на осень 2027.	2026–27 жылға жарияланған оқу ақысы, алымдар мен кітаптардың аралық сомасы: {currency} {amount}. Бұл 2027 жылғы күзге арналған толық құн емес.
Regular application {date}; supporting materials {deadline}. {zone}.	Основная подача: {date}; документы: {deadline}; часовой пояс: {zone}.	Негізгі өтінім: {date}; құжаттар: {deadline}; уақыт белдеуі: {zone}.
Timezone not frozen	Не зафиксирован	Бекітілмеген
APPLICANT_LOCAL	Местное время абитуриента	Талапкердің жергілікті уақыты
Source evidence: {status}. No pass or failure inferred.	Состояние источника: {status}. Выполнение или невыполнение не предполагается.	Дереккөз күйі: {status}. Орындалғаны не орындалмағаны туралы болжам жасалмайды.
unknown	неизвестно	белгісіз
partial	частично	ішінара
stale	устарело	ескірген
conflicting	противоречие	қайшылық бар
{value} satisfies the published requirement ({expected}).	Значение {value} соответствует опубликованному требованию ({expected}).	{value} мәні жарияланған талапқа ({expected}) сай.
{value} does not satisfy the published requirement ({expected}).	Значение {value} не соответствует опубликованному требованию ({expected}).	{value} мәні жарияланған талапқа ({expected}) сай емес.
{school}: the published application deadline has passed. Future dates are not yet verified.	{school}: опубликованный срок подачи прошёл. Будущие даты пока не подтверждены.	{school}: жарияланған өтінім беру мерзімі өтіп кеткен. Келесі күндер әлі расталмаған.
Review {requirement}	Проверить: {requirement}	Тексеру: {requirement}
Verify: {requirement}	Уточнить: {requirement}	Нақтылау: {requirement}
{school}: {reason} Completing this task records your progress; source evidence still needs an update.	{school}: {reason} Отметка сохраняет прогресс; подтверждение источником всё ещё нужно обновить.	{school}: {reason} Белгілеу ілгерілеуді сақтайды; дереккөз растауын әлі жаңарту қажет.
{school}: the dated reference exceeds your budget. Competitive aid is not guaranteed.	{school}: справочная стоимость выше вашего бюджета. Конкурсная финансовая помощь не гарантирована.	{school}: анықтамалық құн бюджетіңізден жоғары. Конкурстық қаржылай көмекке кепілдік берілмейді.
Explore {interest} at {school}	Изучить направление «{interest}» в {school}	{school}: «{interest}» бағытын қарастыру
artificial intelligence	искусственный интеллект	жасанды интеллект
software engineering	разработка программного обеспечения	бағдарламалық жасақтама әзірлеу
theory & mathematics	теория и математика	теория және математика
human-computer interaction	взаимодействие человека и компьютера	адам мен компьютердің өзара әрекеттесуі
Planning suggestion based on your stated interest: inspect the current course catalogue and save two relevant courses. This is not a verified program-fit claim.	Подсказка по вашим интересам: изучите текущий каталог и сохраните два подходящих курса. Это не подтверждение соответствия программы вашим интересам.	Қызығушылығыңызға негізделген ұсыныс: қазіргі курс каталогын қарап, сәйкес екі курсты сақтаңыз. Бұл бағдарламаның қызығушылығыңызға сәйкестігін растау емес.
Review {school} application materials	Проверить документы для {school}	{school} өтінім құжаттарын тексеру
Complete {school} application	Завершить заявление в {school}	{school} өтінімін аяқтау
IB profile: {number}/45; subject rules are evaluated separately.	Профиль IB: {number}/45; предметные требования проверяются отдельно.	IB профилі: {number}/45; пәндік талаптар бөлек тексеріледі.
IB profile; subject rules are evaluated separately.	Профиль IB; предметные требования проверяются отдельно.	IB профилі; пәндік талаптар бөлек тексеріледі.
{count} programs in your selected countries.	Программ в выбранных странах: {count}.	Таңдалған елдердегі бағдарламалар саны: {count}.
{count} known requirement gaps across your selected countries.	Известных препятствий в выбранных странах: {count}.	Таңдалған елдердегі белгілі кедергілер саны: {count}.
{count} dated cost references exceed your budget.	Справочных оценок стоимости выше бюджета: {count}.	Бюджеттен жоғары анықтамалық құндар саны: {count}.
{name}’s starting point	Исходный профиль: {name}	Бастапқы профиль: {name}
Connects to {count} shortlisted programs.	Связано с выбранными программами: {count}.	Таңдалған бағдарламалармен байланысы: {count}.
Connects to {count} shortlisted program.	Связано с выбранной программой: {count}.	Таңдалған бағдарламамен байланысы: {count}.
Save {school} to shortlist	Сохранить {school} в избранное	{school} бағдарламасын таңдалғандарға сақтау
Remove {school} from shortlist	Убрать {school} из избранного	{school} бағдарламасын таңдалғандардан алып тастау
Scenario {band}	Сценарий: {band}	Сценарий: {band}
IELTS {band}	IELTS: {band}	IELTS: {band}
{first} + {second}	{first} + {second}	{first} + {second}
{first} · {second}	{first} · {second}	{first} · {second}
Date: needs verification	Дата: нужно уточнить	Күні: нақтылау қажет
Date	Дата	Күні
Calculated	Рассчитано	Есептелген
Not a guarantee of admission.	Не является гарантией зачисления.	Оқуға қабылдануға кепілдік бермейді.
Source summary translated by PathShift. The official page retains its original language.	Перевод сводки выполнен PathShift. Официальная страница открывается на языке оригинала.	Түйіннің аудармасын PathShift жасады. Ресми бет бастапқы тілінде ашылады.
Check the highlighted profile fields and enter valid values.	Проверьте поля профиля и введите допустимые значения.	Профиль өрістерін тексеріп, жарамды мәндерді енгізіңіз.
A valid test needs its score and date.	Укажите балл и дату сданного экзамена.	Тапсырылған емтиханның балын және күнін көрсетіңіз.
Enter the IELTS score and test date.	Укажите балл IELTS и дату экзамена.	IELTS балын және емтихан күнін көрсетіңіз.
Invalid date	Некорректная дата	Күн қате көрсетілген
Task is not in the current roadmap	Задачи нет в текущем плане	Тапсырма ағымдағы жоспарда жоқ
Enter the actual result or AIF submission in your profile, then recalculate.	Внесите реальный результат или отправку AIF в профиль, затем пересчитайте.	Нақты нәтижені немесе AIF жіберілгенін профильге енгізіп, қайта есептеңіз.
Complete the prerequisite steps first.	Сначала выполните предыдущие необходимые шаги.	Алдымен қажетті алдыңғы қадамдарды орындаңыз.
Request too large	Слишком большой запрос	Сұрау тым үлкен
Invalid request	Некорректный запрос	Қате сұрау
Not found	Не найдено	Табылмады
Program not found	Программа не найдена	Бағдарлама табылмады
Atlanta	Атланта	Атланта
Madison	Мэдисон	Мэдисон
Pittsburgh	Питтсбург	Питтсбург
Rochester	Рочестер	Рочестер
Tempe	Темпе	Темпе
Vancouver	Ванкувер	Ванкувер
Toronto	Торонто	Торонто
Manchester	Манчестер	Манчестер
Urbana–Champaign	Урбана—Шампейн	Урбана—Шампейн
West Lafayette	Уэст-Лафайетт	Уэст-Лафайетт
Requirement branches improved: {count}.	Улучшено условий при пересчёте: {count}.	Қайта есептеуде жақсарған шарттар: {count}.
Check the profile fields and enter valid values.	Проверьте поля профиля и введите допустимые значения.	Профиль өрістерін тексеріп, жарамды мәндерді енгізіңіз.
true	да	иә
false	нет	жоқ
VALID	результат получен	нәтиже алынған
MISSING	результата нет	нәтиже жоқ
PLANNED	запланировано	жоспарланған
Faculty of Mathematics	Факультет математики	Математика факультеті
See {count} conditions	Условия: {count}	Шарттар: {count}
{count} of {total} required branches satisfied	Выполнено обязательных условий: {count} из {total}	Орындалған міндетті шарттар: {count}/{total}
Branches to verify: {count}.	Условия для уточнения: {count}.	Нақтылауға тиіс шарттар: {count}.
Evidence records: {count}	Записей об источниках: {count}	Дереккөз жазбалары: {count}
