Explore CS through projects and research	Изучай CS через проекты и исследования	CS-ті жобалар мен зерттеулер арқылы үйрен
A broad Computer Sciences degree in Madison, with BA and BS routes and opportunities to work with faculty.	Программа Computer Sciences в Мэдисоне: варианты BA и BS, широкий выбор тем и возможность работать с преподавателями над исследованиями.	Мэдисондағы Computer Sciences бағдарламасы: BA және BS нұсқалары, түрлі тақырыптар және оқытушылармен зерттеу мүмкіндігі.
Learn by building	Учёба через проекты	Жоба арқылы оқу
Project-oriented courses cover AI, graphics, security, databases and human-computer interaction.	Проектные курсы охватывают ИИ, графику, безопасность, базы данных и взаимодействие человека с компьютером.	Жобалық курстар ЖИ, графика, қауіпсіздік, дерекқорлар және адам-компьютер өзара әрекетін қамтиды.
Try research as an undergraduate	Исследования уже в бакалавриате	Бакалавриаттағы зерттеулер
Faculty-supervised work can take the form of a senior thesis or directed study.	С преподавателем можно работать над выпускной исследовательской работой или индивидуальным учебным проектом.	Оқытушымен бірге дипломдық зерттеу немесе жеке оқу жобасын орындауға болады.
Worth exploring if you want to try several CS areas before choosing a direction.	Присмотрись, если хочешь попробовать разные области CS, прежде чем выбрать направление.	Бағыт таңдамас бұрын CS салаларын байқап көргің келсе, қарастыр.
CS major declaration happens after specified university courses. Admission to the university and declaring the major are separate steps.	Специализацию CS оформляют после определённых университетских курсов. Поступление в вуз и выбор специализации — разные этапы.	CS мамандануын белгіленген университет курстарынан кейін рәсімдейді. Университетке түсу мен мамандану — бөлек кезеңдер.
Connect your studies with work experience	Соединяй учёбу с опытом работы	Оқуды жұмыс тәжірибесімен ұштастыр
Computer Science in Waterloo offers regular and co-op routes, bringing academic study and workplace experience into the same degree.	Computer Science в Ватерлоо предлагает обычный маршрут и co-op: учёбу с периодами работы во время получения диплома.	Ватерлоода Computer Science бағдарламасының қалыпты және co-op бағыттары бар: диплом алу кезінде оқу мен жұмыс кезеңдерін ұштастыруға болады.
Co-op, explained	Что такое co-op	Co-op деген не?
Co-op alternates study terms with work terms. The regular route is also available.	Co-op чередует учебные семестры с рабочими периодами. Есть и обычный маршрут обучения.	Co-op оқу семестрлерін жұмыс кезеңдерімен алмастырады. Қалыпты оқу бағыты да бар.
A place to build with others	Среда для совместных проектов	Бірге жоба жасау ортасы
Waterloo hosts Hack the North, a hackathon where participants build projects together.	В Waterloo проходит Hack the North — хакатон, на котором участники вместе создают проекты.	Waterloo-да қатысушылар бірлесіп жоба жасайтын Hack the North хакатоны өтеді.
Worth exploring if testing different roles during your degree matters to you.	Присмотрись, если хочешь пробовать разные рабочие роли ещё во время учёбы.	Оқу кезінде түрлі жұмыс рөлдерін байқап көргің келсе, қарастыр.
Co-op means planning around work terms and job applications. Do not treat possible earnings as guaranteed funding.	Co-op требует планировать рабочие периоды и искать вакансии. Возможный заработок не стоит считать гарантированным бюджетом.	Co-op үшін жұмыс кезеңдерін жоспарлап, бос орын іздеу қажет. Ықтимал табысты кепілді қаржы деп есептеме.
Shape CS around the problems you care about	Выбирай темы CS под свои интересы	CS тақырыптарын қызығушылығыңа сай таңда
Georgia Tech in Atlanta organizes its CS curriculum into Threads: connected areas of computing and its applications.	Georgia Tech в Атланте строит обучение CS вокруг Threads — связанных направлений информатики и её применения.	Атлантадағы Georgia Tech CS оқуын Threads — информатика мен оның қолданылуының өзара байланысты бағыттары арқылы құрады.
Follow a Thread	Учебные направления Threads	Threads оқу бағыттары
Areas include artificial intelligence, cybersecurity, media, theory, and systems and architecture.	Среди направлений — ИИ, кибербезопасность, медиа, теория, системы и архитектура компьютеров.	Бағыттарға ЖИ, киберқауіпсіздік, медиа, теория, жүйелер мен компьютер архитектурасы кіреді.
Computing starts with people, too	Информатика — ещё и про людей	Информатика адамдарды да зерттейді
The People Thread focuses on designing and evaluating systems with humans at the center.	Направление People посвящено проектированию и оценке систем с человеком в центре внимания.	People бағыты адамды басты орынға қоятын жүйелерді жобалау мен бағалауға арналған.
Worth exploring if you want a computing degree with a clear thematic direction.	Присмотрись, если хочешь выстроить обучение вокруг конкретной темы.	Оқуыңды нақты тақырып төңірегінде құрғың келсе, қарастыр.
Read the course requirements for each Thread before choosing; their names alone do not describe the workload.	Перед выбором изучи курсы каждого Thread: название направления не показывает всю учебную нагрузку.	Таңдамас бұрын әр Thread курстарын зертте: атауы оқу жүктемесін толық ашпайды.
Build foundations, then choose your specialty	Сначала основа, затем специализация	Алдымен негіз, содан кейін мамандану
Purdue CS starts with a common foundation, then lets students deepen their knowledge through specialized tracks.	Purdue CS начинается с общей базы, после которой студенты углубляются в выбранные направления — tracks.	Purdue CS жалпы негізден басталады, кейін студенттер таңдаған tracks бағыттарын тереңдетіп оқиды.
A shared foundation	Общая база	Ортақ негіз
Six core courses introduce programming, CS foundations, architecture, algorithms and systems.	Шесть базовых курсов охватывают программирование, основы CS, архитектуру, алгоритмы и системы.	Алты негізгі курс бағдарламалау, CS негіздері, архитектура, алгоритмдер мен жүйелерді қамтиды.
Room to specialize	Выбор специализации	Мамандану таңдауы
Tracks combine advanced required courses and electives. Students may complete more than one track.	Направления объединяют обязательные углублённые курсы и предметы по выбору. Можно освоить больше одного направления.	Бағыттар міндетті тереңдетілген және таңдау курстарын біріктіреді. Бірнеше бағытты аяқтауға болады.
Worth exploring if you prefer a structured foundation before specializing.	Присмотрись, если тебе ближе последовательная база перед специализацией.	Маманданбас бұрын жүйелі негіз алғың келсе, қарастыр.
Check prerequisites when planning a track: advanced courses build on the core sequence.	Планируя направление, проверь предварительные требования: углублённые курсы опираются на базовые.	Бағытты жоспарлағанда алғышарттарды тексер: тереңдетілген курстар негізгі курстарға сүйенеді.
Make work experience part of your degree	Получай рабочий опыт во время учёбы	Оқу кезінде жұмыс тәжірибесін жина
RIT in Rochester integrates cooperative education into computing degrees, with periods of study and full-time work experience.	RIT в Рочестере включает co-op в компьютерные программы: периоды учёбы сочетаются с полноценным рабочим опытом.	Рочестердегі RIT компьютерлік бағдарламаларға co-op енгізеді: оқу кезеңдері толық уақытты жұмыс тәжірибесімен ұштасады.
A different study rhythm	Другой ритм обучения	Оқудың басқа ырғағы
The computing co-op page describes Computer Science as a five-year program with three required co-op blocks.	Страница computing co-op описывает Computer Science как пятилетнюю программу с тремя обязательными блоками co-op.	Computing co-op парағы Computer Science-ті үш міндетті co-op кезеңі бар бес жылдық бағдарлама деп сипаттайды.
Practice beyond the classroom	Практика за пределами аудитории	Аудиториядан тыс тәжірибе
Co-op offers full-time, paid workplace experience alongside on-campus study.	Co-op даёт оплачиваемый опыт работы с полной занятостью в дополнение к учёбе в кампусе.	Co-op кампуста оқумен қатар толық уақытты, ақылы жұмыс тәжірибесін ұсынады.
Worth exploring if an extended degree with substantial work experience fits your plans.	Присмотрись, если тебе подходит более длинная программа с серьёзной рабочей практикой.	Ұзағырақ оқу мен елеулі жұмыс тәжірибесі жоспарыңа сай болса, қарастыр.
Plan for the longer calendar and check the current CS co-op sequence. A particular employer or income is not promised.	Учти более длинный срок и проверь актуальный график CS co-op. Конкретный работодатель или доход не гарантируются.	Ұзағырақ мерзімді ескеріп, қазіргі CS co-op кестесін тексер. Нақты жұмыс беруші не табыс кепілденбейді.
Explore computing within an engineering school	Изучай информатику в инженерной школе	Информатиканы инженерлік мектепте оқы
ASU Computer Science belongs to the Ira A. Fulton Schools of Engineering. This PathShift option is the Tempe campus BS route.	Computer Science в ASU относится к инженерным школам Ira A. Fulton. Здесь рассматривается программа BS в кампусе Темпе.	ASU Computer Science Ira A. Fulton инженерлік мектептеріне кіреді. Мұнда Темпе кампусындағы BS бағдарламасы қарастырылады.
Focused study options	Тематические направления	Тақырыптық бағыттар
The school lists concentrations in cybersecurity and software engineering.	Школа предлагает направления кибербезопасности и программной инженерии.	Мектеп киберқауіпсіздік пен бағдарламалық инженерия бағыттарын ұсынады.
See the whole course journey	Посмотри весь учебный маршрут	Бүкіл оқу жолын көр
An official major map shows required and elective courses and their recommended sequence.	Официальная major map показывает обязательные курсы, предметы по выбору и рекомендуемый порядок обучения.	Ресми major map міндетті және таңдау курстарын, сондай-ақ ұсынылатын оқу ретін көрсетеді.
Worth exploring if you want to inspect a semester-by-semester plan before choosing.	Присмотрись, если хочешь заранее разобраться в учебном плане по семестрам.	Таңдамас бұрын семестрлік оқу жоспарын түсінгің келсе, қарастыр.
ASU also offers an online route. Its delivery format is separate from the Tempe campus option shown here.	У ASU есть и онлайн-маршрут. Это другой формат, не программа кампуса Темпе, представленная здесь.	ASU-да онлайн бағыт та бар. Оның оқу форматы мұнда көрсетілген Темпе кампусы бағдарламасынан бөлек.
About this university	Об этом университете	Осы университет туралы
University source	Источник университета	Университет дереккөзі
Would you enjoy studying here?	Тебе подойдёт такой формат?	Бұл оқу форматы саған сай ма?
A guide to choosing, not an admission prediction.	Подсказка для выбора, не прогноз зачисления.	Таңдауға арналған кеңес, қабылдау болжамы емес.
Before you decide	Что учесть перед выбором	Таңдау алдында ескер
Explore the official programme	Посмотреть программу на сайте вуза	Бағдарламаны университет сайтынан көру
Interested? Check your starting point.	Заинтересовал вуз? Проверь свой профиль.	Қызықтырды ма? Профиліңді тексер.
See how your results compare with the checked requirements.	Узнай, какие требования ты уже выполняешь.	Қандай талаптарға сай келетініңді біл.
Check my profile	Проверить мой профиль	Профилімді тексеру
Ask about this university	Спросить об этом вузе	Осы университет туралы сұрау
University overview checked	Обзор проверен	Шолу тексерілді
University sections	Разделы университета	Университет бөлімдері
About the university	О вузе	Университет туралы
My profile fit	Мой профиль	Менің профилім
Applying	Поступление	Оқуға түсу
Ready to plan your application?	Перейдём к подготовке?	Дайындыққа көшейік пе?
See costs and next steps	Расходы и следующие шаги	Шығындар мен келесі қадамдар
Detailed programme evidence	Подробные данные программы	Бағдарламаның толық деректері
Your application route	Твой маршрут поступления	Оқуға түсу жолың
Review your requirements	Проверь требования	Талаптарды тексер
Save the university	Сохрани университет	Университетті сақта
Saving adds its relevant tasks to your plan.	После сохранения задачи вуза появятся в твоём плане.	Сақтағаннан кейін университет тапсырмалары жоспарыңа қосылады.
Prepare and track your tasks	Готовься и отмечай прогресс	Дайындалып, ілгерілеуіңді белгіле
Meet the university	Познакомиться с вузом	Университетпен танысу
Help me understand {university}: what makes it distinctive, and what should I check for my profile?	Расскажи про {university}: чем вуз интересен и что мне проверить в своём профиле?	{university} туралы айт: оның ерекшелігі неде және профилімде нені тексеруім керек?
Compare up to 3 programs. Remove one first.	Можно сравнить до 3 программ. Сначала убери одну.	3 бағдарламаға дейін салыстыруға болады. Алдымен біреуін алып таста.
Calculated from your saved profile, separately from the AI explanation.	Рассчитано по сохранённому профилю, отдельно от объяснения ИИ.	Сақталған профиль бойынша, ЖИ түсіндірмесінен бөлек есептелген.
Retry question	Повторить вопрос	Сұрақты қайталау
Save and open my plan	Сохранить и открыть мой план	Сақтап, жоспарымды ашу
